Participants,Dons ,Rang
Alka,613476,R3
Whitestone,489600,R1
Hans,435298,R4
Elendala,398280,R3
Janine,386388,R3
C�line,366792,R4
Steyrmat,305242,R3
TheHellKing,302336,R3
Jesus1044,249324,R1
Ezylis,234320,R5
Raptorr,233222,R4
Yellowstone,217134,R1
Biggun,207168,R2
Jocia,188882,R2
FallenAngel,180576,R2
Warzzou,170088,R4
Ricketto,168732,R1
Guillaume,157320,R4
Alrion,155424,R3
Crocangel,135362,R2
FraZone04,134776,R1
Hrafna-Floki,128712,R3
Super Nacho,124032,R3
Abigail,118510,R1
Benito766,114048,R1
Padre,103560,R2
Bulle,96444,R3
{HUZUR}01,86412,R1
Caranthir,76862,R1
Poupard,73188,R2
Jasmine,67260,R2
Joune,65376,R1
Excalibur,64056,R3
Yavalpa,62472,R2
Tony,62278,R1
LisaCb,58824,R1
Sir ChusKaO,58368,R1
Salerno,56870,R2
Youhou,55176,R1
thierry,50426,R2
KillDid,49898,R3
Bender,34428,R1
M�ximo V,25830,R1
Hungers,15960,R1
DarthUseless,13802,R2
Dargonne,10032,R1
Sir Janus,8664,R2
HansII,4270,R1
Elphye,0,R1
Nessa737,0,R3
Kenzo59,0,R1
Massa,0,R1
Yolbry,0,R1
Pawellllos,0,R1
Warzz3,0,R1
Warzz1,0,R1
HansIII,0,R1
Mimistiti,0,R1
